chest,lu,lf,ru,rf,pelvis,lt,lc,rt,rc
-0.336#0.596#-0.224#-0.694,0.106#0.365#-0.147#-0.913,0.129#0.206#-0.04#-0.969,-0.075#0.808#0.185#-0.554,-0.023#-0.614#-0.265#0.743,0#0#0#1,0#0#0#1,0#0#0#1,0#0#0#1,0#0#0#1
-0.336#0.596#-0.224#-0.694,0.106#0.365#-0.147#-0.913,0.129#0.206#-0.04#-0.969,-0.075#0.808#0.185#-0.554,-0.023#-0.614#-0.265#0.743,0#0#0#1,0#0#0#1,0#0#0#1,0#0#0#1,0#0#0#1
-0.335#0.594#-0.223#-0.697,0.106#0.365#-0.147#-0.913,0.129#0.206#-0.04#-0.969,-0.074#0.807#0.184#-0.556,-0.024#-0.615#-0.267#0.742,0#0#0#1,0#0#0#1,0#0#0#1,0#0#0#1,0#0#0#1
-0.335#0.594#-0.223#-0.697,0.107#0.365#-0.146#-0.913,0.132#0.205#-0.042#-0.969,-0.074#0.807#0.184#-0.556,-0.024#-0.615#-0.267#0.742,0#0#0#1,0#0#0#1,0#0#0#1,0#0#0#1,0#0#0#1
-0.335#0.594#-0.223#-0.697,0.107#0.365#-0.146#-0.913,0.132#0.205#-0.042#-0.969,-0.074#0.807#0.184#-0.556,-0.024#-0.615#-0.267#0.742,0#0#0#1,0#0#0#1,0#0#0#1,0#0#0#1,0#0#0#1
-0.333#0.593#-0.222#-0.699,0.107#0.365#-0.146#-0.913,0.132#0.205#-0.042#-0.969,-0.073#0.806#0.184#-0.558,-0.022#-0.615#-0.266#0.742,0#0#0#1,0#0#0#1,0#0#0#1,0#0#0#1,0#0#0#1
-0.333#0.593#-0.222#-0.699,0.109#0.364#-0.146#-0.913,0.133#0.205#-0.04#-0.969,-0.073#0.806#0.184#-0.558,-0.022#-0.615#-0.266#0.742,0#0#0#1,0#0#0#1,0#0#0#1,0#0#0#1,0#0#0#1
-0.333#0.593#-0.222#-0.699,0.109#0.364#-0.146#-0.913,0.133#0.205#-0.04#-0.969,-0.073#0.806#0.184#-0.558,-0.022#-0.615#-0.266#0.742,0#0#0#1,0#0#0#1,0#0#0#1,0#0#0#1,0#0#0#1
-0.331#0.592#-0.22#-0.701,0.109#0.364#-0.146#-0.913,0.133#0.205#-0.04#-0.969,-0.072#0.805#0.184#-0.559,-0.024#-0.617#-0.266#0.74,0#0#0#1,0#0#0#1,0#0#0#1,0#0#0#1,0#0#0#1
-0.331#0.592#-0.22#-0.701,0.111#0.363#-0.145#-0.914,0.133#0.205#-0.04#-0.969,-0.072#0.805#0.184#-0.559,-0.024#-0.617#-0.266#0.74,0#0#0#1,0#0#0#1,0#0#0#1,0#0#0#1,0#0#0#1
-0.331#0.592#-0.22#-0.701,0.111#0.363#-0.145#-0.914,0.133#0.205#-0.04#-0.969,-0.072#0.805#0.184#-0.559,-0.024#-0.617#-0.266#0.74,0#0#0#1,0#0#0#1,0#0#0#1,0#0#0#1,0#0#0#1
-0.33#0.592#-0.216#-0.703,0.111#0.363#-0.145#-0.914,0.133#0.205#-0.04#-0.969,-0.071#0.804#0.185#-0.561,-0.025#-0.618#-0.266#0.739,0#0#0#1,0#0#0#1,0#0#0#1,0#0#0#1,0#0#0#1
-0.33#0.592#-0.216#-0.703,0.111#0.363#-0.144#-0.914,0.132#0.208#-0.039#-0.968,-0.071#0.804#0.185#-0.561,-0.025#-0.618#-0.266#0.739,0#0#0#1,0#0#0#1,0#0#0#1,0#0#0#1,0#0#0#1
-0.33#0.592#-0.216#-0.703,0.111#0.363#-0.144#-0.914,0.132#0.208#-0.039#-0.968,-0.071#0.804#0.185#-0.561,-0.025#-0.618#-0.266#0.739,0#0#0#1,0#0#0#1,0#0#0#1,0#0#0#1,0#0#0#1
-0.33#0.591#-0.214#-0.704,0.111#0.362#-0.144#-0.914,0.133#0.206#-0.039#-0.969,-0.071#0.802#0.186#-0.563,-0.023#-0.62#-0.265#0.738,0#0#0#1,0#0#0#1,0#0#0#1,0#0#0#1,0#0#0#1
-0.33#0.591#-0.214#-0.704,0.111#0.362#-0.144#-0.914,0.133#0.206#-0.039#-0.969,-0.071#0.802#0.186#-0.563,-0.023#-0.62#-0.265#0.738,0#0#0#1,0#0#0#1,0#0#0#1,0#0#0#1,0#0#0#1
-0.33#0.591#-0.214#-0.704,0.111#0.362#-0.144#-0.914,0.133#0.206#-0.039#-0.969,-0.071#0.802#0.186#-0.563,-0.023#-0.62#-0.265#0.738,0#0#0#1,0#0#0#1,0#0#0#1,0#0#0#1,0#0#0#1
-0.331#0.59#-0.213#-0.705,0.111#0.361#-0.143#-0.915,0.13#0.205#-0.039#-0.969,-0.072#0.801#0.187#-0.564,-0.022#-0.621#-0.267#0.737,0#0#0#1,0#0#0#1,0#0#0#1,0#0#0#1,0#0#0#1
-0.331#0.59#-0.213#-0.705,0.111#0.361#-0.143#-0.915,0.13#0.205#-0.039#-0.969,-0.072#0.801#0.187#-0.564,-0.022#-0.621#-0.267#0.737,0#0#0#1,0#0#0#1,0#0#0#1,0#0#0#1,0#0#0#1
-0.331#0.59#-0.213#-0.705,0.111#0.361#-0.143#-0.915,0.13#0.205#-0.039#-0.969,-0.072#0.801#0.187#-0.564,-0.022#-0.621#-0.267#0.737,0#0#0#1,0#0#0#1,0#0#0#1,0#0#0#1,0#0#0#1
-0.33#0.59#-0.211#-0.706,0.111#0.36#-0.143#-0.915,0.129#0.201#-0.039#-0.97,-0.07#0.801#0.188#-0.564,-0.021#-0.622#-0.267#0.736,0#0#0#1,0#0#0#1,0#0#0#1,0#0#0#1,0#0#0#1
-0.33#0.59#-0.211#-0.706,0.111#0.36#-0.143#-0.915,0.129#0.201#-0.039#-0.97,-0.07#0.801#0.188#-0.564,-0.021#-0.622#-0.267#0.736,0#0#0#1,0#0#0#1,0#0#0#1,0#0#0#1,0#0#0#1
-0.33#0.59#-0.211#-0.706,0.111#0.36#-0.143#-0.915,0.129#0.201#-0.039#-0.97,-0.07#0.801#0.188#-0.564,-0.021#-0.622#-0.267#0.736,0#0#0#1,0#0#0#1,0#0#0#1,0#0#0#1,0#0#0#1
-0.333#0.591#-0.212#-0.703,0.111#0.36#-0.145#-0.915,0.13#0.204#-0.048#-0.969,-0.071#0.8#0.189#-0.566,-0.02#-0.623#-0.266#0.735,0#0#0#1,0#0#0#1,0#0#0#1,0#0#0#1,0#0#0#1
-0.333#0.591#-0.212#-0.703,0.111#0.36#-0.145#-0.915,0.13#0.204#-0.048#-0.969,-0.071#0.8#0.189#-0.566,-0.02#-0.623#-0.266#0.735,0#0#0#1,0#0#0#1,0#0#0#1,0#0#0#1,0#0#0#1
-0.333#0.591#-0.212#-0.703,0.111#0.36#-0.145#-0.915,0.13#0.204#-0.048#-0.969,-0.071#0.8#0.189#-0.566,-0.016#-0.624#-0.261#0.736,0#0#0#1,0#0#0#1,0#0#0#1,0#0#0#1,0#0#0#1
-0.336#0.591#-0.213#-0.702,0.111#0.359#-0.147#-0.915,0.123#0.207#-0.046#-0.97,-0.072#0.799#0.189#-0.566,-0.016#-0.624#-0.261#0.736,0#0#0#1,0#0#0#1,0#0#0#1,0#0#0#1,0#0#0#1
-0.336#0.591#-0.213#-0.702,0.111#0.359#-0.147#-0.915,0.123#0.207#-0.046#-0.97,-0.072#0.799#0.189#-0.566,-0.016#-0.624#-0.261#0.736,0#0#0#1,0#0#0#1,0#0#0#1,0#0#0#1,0#0#0#1
-0.336#0.59#-0.212#-0.703,0.111#0.359#-0.147#-0.915,0.123#0.207#-0.046#-0.97,-0.073#0.798#0.188#-0.568,-0.011#-0.624#-0.258#0.738,0#0#0#1,0#0#0#1,0#0#0#1,0#0#0#1,0#0#0#1
-0.336#0.59#-0.212#-0.703,0.111#0.358#-0.148#-0.915,0.121#0.205#-0.048#-0.97,-0.073#0.798#0.188#-0.568,-0.011#-0.624#-0.258#0.738,0#0#0#1,0#0#0#1,0#0#0#1,0#0#0#1,0#0#0#1
-0.336#0.59#-0.212#-0.703,0.111#0.358#-0.148#-0.915,0.121#0.205#-0.048#-0.97,-0.073#0.798#0.188#-0.568,-0.011#-0.624#-0.258#0.738,0#0#0#1,0#0#0#1,0#0#0#1,0#0#0#1,0#0#0#1
-0.335#0.589#-0.211#-0.705,0.111#0.358#-0.148#-0.915,0.121#0.205#-0.048#-0.97,-0.074#0.797#0.187#-0.57,-0.012#-0.626#-0.256#0.737,0#0#0#1,0#0#0#1,0#0#0#1,0#0#0#1,0#0#0#1
-0.335#0.589#-0.211#-0.705,0.111#0.357#-0.149#-0.915,0.122#0.205#-0.049#-0.97,-0.074#0.797#0.187#-0.57,-0.012#-0.626#-0.256#0.737,0#0#0#1,0#0#0#1,0#0#0#1,0#0#0#1,0#0#0#1
-0.335#0.589#-0.211#-0.705,0.111#0.357#-0.149#-0.915,0.122#0.205#-0.049#-0.97,-0.074#0.797#0.187#-0.57,-0.012#-0.626#-0.256#0.737,0#0#0#1,0#0#0#1,0#0#0#1,0#0#0#1,0#0#0#1
-0.336#0.587#-0.21#-0.706,0.111#0.357#-0.149#-0.915,0.122#0.205#-0.049#-0.97,-0.072#0.798#0.188#-0.568,-0.013#-0.627#-0.257#0.735,0#0#0#1,0#0#0#1,0#0#0#1,0#0#0#1,0#0#0#1
-0.336#0.587#-0.21#-0.706,0.111#0.356#-0.15#-0.916,0.124#0.204#-0.047#-0.97,-0.072#0.798#0.188#-0.568,-0.013#-0.627#-0.257#0.735,0#0#0#1,0#0#0#1,0#0#0#1,0#0#0#1,0#0#0#1
-0.336#0.587#-0.21#-0.706,0.111#0.356#-0.15#-0.916,0.124#0.204#-0.047#-0.97,-0.072#0.798#0.188#-0.568,-0.013#-0.627#-0.257#0.735,0#0#0#1,0#0#0#1,0#0#0#1,0#0#0#1,0#0#0#1
-0.336#0.586#-0.21#-0.707,0.111#0.356#-0.15#-0.916,0.124#0.204#-0.047#-0.97,-0.072#0.798#0.188#-0.568,-0.013#-0.628#-0.257#0.734,0#0#0#1,0#0#0#1,0#0#0#1,0#0#0#1,0#0#0#1
-0.336#0.586#-0.21#-0.707,0.111#0.355#-0.15#-0.916,0.126#0.205#-0.047#-0.97,-0.072#0.798#0.188#-0.568,-0.013#-0.628#-0.257#0.734,0#0#0#1,0#0#0#1,0#0#0#1,0#0#0#1,0#0#0#1
-0.336#0.586#-0.21#-0.707,0.111#0.355#-0.15#-0.916,0.126#0.205#-0.047#-0.97,-0.072#0.798#0.188#-0.568,-0.013#-0.628#-0.257#0.734,0#0#0#1,0#0#0#1,0#0#0#1,0#0#0#1,0#0#0#1
-0.335#0.586#-0.209#-0.708,0.111#0.355#-0.15#-0.916,0.126#0.205#-0.048#-0.969,-0.07#0.799#0.188#-0.567,-0.011#-0.63#-0.255#0.733,0#0#0#1,0#0#0#1,0#0#0#1,0#0#0#1,0#0#0#1
-0.335#0.586#-0.208#-0.708,0.11#0.355#-0.15#-0.916,0.125#0.206#-0.049#-0.969,-0.07#0.799#0.188#-0.567,-0.011#-0.63#-0.255#0.733,0#0#0#1,0#0#0#1,0#0#0#1,0#0#0#1,0#0#0#1
-0.335#0.586#-0.208#-0.708,0.11#0.355#-0.15#-0.916,0.125#0.206#-0.049#-0.969,-0.07#0.799#0.188#-0.567,-0.011#-0.63#-0.255#0.733,0#0#0#1,0#0#0#1,0#0#0#1,0#0#0#1,0#0#0#1
-0.333#0.586#-0.208#-0.708,0.11#0.355#-0.15#-0.916,0.125#0.206#-0.049#-0.969,-0.068#0.8#0.188#-0.565,-0.011#-0.631#-0.257#0.732,0#0#0#1,0#0#0#1,0#0#0#1,0#0#0#1,0#0#0#1
-0.333#0.586#-0.208#-0.708,0.111#0.355#-0.15#-0.916,0.126#0.206#-0.05#-0.969,-0.068#0.8#0.188#-0.565,-0.011#-0.631#-0.257#0.732,0#0#0#1,0#0#0#1,0#0#0#1,0#0#0#1,0#0#0#1
-0.333#0.586#-0.208#-0.708,0.111#0.355#-0.15#-0.916,0.126#0.206#-0.05#-0.969,-0.068#0.8#0.188#-0.565,-0.011#-0.631#-0.257#0.732,0#0#0#1,0#0#0#1,0#0#0#1,0#0#0#1,0#0#0#1
-0.332#0.589#-0.208#-0.707,0.111#0.355#-0.15#-0.916,0.126#0.206#-0.05#-0.969,-0.069#0.801#0.187#-0.565,-0.011#-0.633#-0.257#0.73,0#0#0#1,0#0#0#1,0#0#0#1,0#0#0#1,0#0#0#1
-0.332#0.589#-0.208#-0.707,0.11#0.355#-0.15#-0.916,0.126#0.207#-0.048#-0.969,-0.069#0.801#0.187#-0.565,-0.011#-0.633#-0.257#0.73,0#0#0#1,0#0#0#1,0#0#0#1,0#0#0#1,0#0#0#1
-0.332#0.589#-0.208#-0.707,0.11#0.355#-0.15#-0.916,0.126#0.207#-0.048#-0.969,-0.069#0.801#0.187#-0.565,-0.011#-0.633#-0.257#0.73,0#0#0#1,0#0#0#1,0#0#0#1,0#0#0#1,0#0#0#1
-0.331#0.591#-0.21#-0.705,0.11#0.355#-0.15#-0.916,0.126#0.207#-0.048#-0.969,-0.069#0.801#0.187#-0.564,-0.012#-0.634#-0.256#0.729,0#0#0#1,0#0#0#1,0#0#0#1,0#0#0#1,0#0#0#1
-0.331#0.591#-0.21#-0.705,0.111#0.354#-0.149#-0.916,0.125#0.208#-0.045#-0.969,-0.069#0.801#0.187#-0.564,-0.012#-0.634#-0.256#0.729,0#0#0#1,0#0#0#1,0#0#0#1,0#0#0#1,0#0#0#1
-0.331#0.591#-0.21#-0.705,0.111#0.354#-0.149#-0.916,0.125#0.208#-0.045#-0.969,-0.069#0.801#0.187#-0.564,-0.012#-0.634#-0.256#0.729,0#0#0#1,0#0#0#1,0#0#0#1,0#0#0#1,0#0#0#1
-0.329#0.594#-0.213#-0.702,0.111#0.354#-0.149#-0.916,0.125#0.208#-0.045#-0.969,-0.068#0.804#0.185#-0.561,-0.013#-0.636#-0.255#0.728,0#0#0#1,0#0#0#1,0#0#0#1,0#0#0#1,0#0#0#1
-0.329#0.594#-0.213#-0.702,0.113#0.354#-0.149#-0.916,0.132#0.207#-0.046#-0.968,-0.068#0.804#0.185#-0.561,-0.013#-0.636#-0.255#0.728,0#0#0#1,0#0#0#1,0#0#0#1,0#0#0#1,0#0#0#1
-0.329#0.594#-0.213#-0.702,0.113#0.354#-0.149#-0.916,0.132#0.207#-0.046#-0.968,-0.068#0.804#0.185#-0.561,-0.013#-0.636#-0.255#0.728,0#0#0#1,0#0#0#1,0#0#0#1,0#0#0#1,0#0#0#1
-0.327#0.594#-0.215#-0.703,0.123#0.346#-0.149#-0.918,0.143#0.201#-0.042#-0.968,-0.066#0.806#0.18#-0.561,-0.025#-0.638#-0.25#0.728,0#0#0#1,0#0#0#1,0#0#0#1,0#0#0#1,0#0#0#1
-0.327#0.594#-0.215#-0.703,0.123#0.346#-0.149#-0.918,0.143#0.201#-0.042#-0.968,-0.066#0.806#0.18#-0.561,-0.025#-0.638#-0.25#0.728,0#0#0#1,0#0#0#1,0#0#0#1,0#0#0#1,0#0#0#1
-0.327#0.594#-0.215#-0.703,0.123#0.346#-0.149#-0.918,0.143#0.201#-0.042#-0.968,-0.066#0.806#0.18#-0.561,-0.025#-0.638#-0.25#0.728,0#0#0#1,0#0#0#1,0#0#0#1,0#0#0#1,0#0#0#1
-0.321#0.586#-0.224#-0.709,0.146#0.331#-0.148#-0.92,0.169#0.189#-0.037#-0.967,-0.054#0.806#0.169#-0.565,-0.046#-0.633#-0.241#0.734,0#0#0#1,0#0#0#1,0#0#0#1,0#0#0#1,0#0#0#1
-0.321#0.586#-0.224#-0.709,0.146#0.331#-0.148#-0.92,0.169#0.189#-0.037#-0.967,-0.054#0.806#0.169#-0.565,-0.046#-0.633#-0.241#0.734,0#0#0#1,0#0#0#1,0#0#0#1,0#0#0#1,0#0#0#1
-0.321#0.586#-0.224#-0.709,0.146#0.331#-0.148#-0.92,0.169#0.189#-0.037#-0.967,-0.054#0.806#0.169#-0.565,-0.046#-0.633#-0.241#0.734,0#0#0#1,0#0#0#1,0#0#0#1,0#0#0#1,0#0#0#1
-0.305#0.569#-0.237#-0.726,0.18#0.307#-0.149#-0.923,0.203#0.176#-0.03#-0.963,-0.034#0.802#0.15#-0.577,-0.078#-0.625#-0.223#0.744,0#0#0#1,0#0#0#1,0#0#0#1,0#0#0#1,0#0#0#1
-0.305#0.569#-0.237#-0.726,0.18#0.307#-0.149#-0.923,0.203#0.176#-0.03#-0.963,-0.034#0.802#0.15#-0.577,-0.078#-0.625#-0.223#0.744,0#0#0#1,0#0#0#1,0#0#0#1,0#0#0#1,0#0#0#1
-0.305#0.569#-0.237#-0.726,0.18#0.307#-0.149#-0.923,0.203#0.176#-0.03#-0.963,-0.034#0.802#0.15#-0.577,-0.078#-0.625#-0.223#0.744,0#0#0#1,0#0#0#1,0#0#0#1,0#0#0#1,0#0#0#1
-0.285#0.538#-0.256#-0.751,0.227#0.273#-0.152#-0.922,0.255#0.15#-0.013#-0.955,-0.005#0.794#0.121#-0.596,-0.12#-0.612#-0.197#0.757,0#0#0#1,0#0#0#1,0#0#0#1,0#0#0#1,0#0#0#1
-0.285#0.538#-0.256#-0.751,0.227#0.273#-0.152#-0.922,0.255#0.15#-0.013#-0.955,-0.005#0.794#0.121#-0.596,-0.12#-0.612#-0.197#0.757,0#0#0#1,0#0#0#1,0#0#0#1,0#0#0#1,0#0#0#1
-0.285#0.538#-0.256#-0.751,0.227#0.273#-0.152#-0.922,0.255#0.15#-0.013#-0.955,-0.005#0.794#0.121#-0.596,-0.176#-0.59#-0.166#0.77,0#0#0#1,0#0#0#1,0#0#0#1,0#0#0#1,0#0#0#1
-0.256#0.49#-0.281#-0.785,0.286#0.227#-0.157#-0.918,0.327#0.112#0.001#-0.938,0.033#0.776#0.085#-0.624,-0.176#-0.59#-0.166#0.77,0#0#0#1,0#0#0#1,0#0#0#1,0#0#0#1,0#0#0#1
-0.256#0.49#-0.281#-0.785,0.286#0.227#-0.157#-0.918,0.327#0.112#0.001#-0.938,0.033#0.776#0.085#-0.624,-0.176#-0.59#-0.166#0.77,0#0#0#1,0#0#0#1,0#0#0#1,0#0#0#1,0#0#0#1
-0.225#0.417#-0.306#-0.826,0.286#0.227#-0.157#-0.918,0.327#0.112#0.001#-0.938,0.081#0.748#0.044#-0.657,-0.247#-0.555#-0.128#0.784,0#0#0#1,0#0#0#1,0#0#0#1,0#0#0#1,0#0#0#1
-0.225#0.417#-0.306#-0.826,0.35#0.161#-0.168#-0.907,0.419#0.064#0.006#-0.906,0.081#0.748#0.044#-0.657,-0.247#-0.555#-0.128#0.784,0#0#0#1,0#0#0#1,0#0#0#1,0#0#0#1,0#0#0#1
-0.225#0.417#-0.306#-0.826,0.35#0.161#-0.168#-0.907,0.419#0.064#0.006#-0.906,0.081#0.748#0.044#-0.657,-0.247#-0.555#-0.128#0.784,0#0#0#1,0#0#0#1,0#0#0#1,0#0#0#1,0#0#0#1
-0.187#0.319#-0.323#-0.871,0.35#0.161#-0.168#-0.907,0.419#0.064#0.006#-0.906,0.129#0.704#0.004#-0.698,-0.337#-0.508#-0.083#0.789,0#0#0#1,0#0#0#1,0#0#0#1,0#0#0#1,0#0#0#1
-0.187#0.319#-0.323#-0.871,0.429#0.071#-0.169#-0.884,0.514#0.018#0.001#-0.858,0.129#0.704#0.004#-0.698,-0.337#-0.508#-0.083#0.789,0#0#0#1,0#0#0#1,0#0#0#1,0#0#0#1,0#0#0#1
-0.187#0.319#-0.323#-0.871,0.429#0.071#-0.169#-0.884,0.514#0.018#0.001#-0.858,0.129#0.704#0.004#-0.698,-0.337#-0.508#-0.083#0.789,0#0#0#1,0#0#0#1,0#0#0#1,0#0#0#1,0#0#0#1
-0.139#0.208#-0.328#-0.911,0.429#0.071#-0.169#-0.884,0.514#0.018#0.001#-0.858,0.191#0.648#-0.041#-0.736,-0.436#-0.457#-0.04#0.774,0#0#0#1,0#0#0#1,0#0#0#1,0#0#0#1,0#0#0#1
-0.139#0.208#-0.328#-0.911,0.508#-0.024#-0.158#-0.847,0.596#-0.02#-0.008#-0.803,0.191#0.648#-0.041#-0.736,-0.436#-0.457#-0.04#0.774,0#0#0#1,0#0#0#1,0#0#0#1,0#0#0#1,0#0#0#1
-0.139#0.208#-0.328#-0.911,0.508#-0.024#-0.158#-0.847,0.596#-0.02#-0.008#-0.803,0.191#0.648#-0.041#-0.736,-0.436#-0.457#-0.04#0.774,0#0#0#1,0#0#0#1,0#0#0#1,0#0#0#1,0#0#0#1
-0.089#0.099#-0.323#-0.937,0.508#-0.024#-0.158#-0.847,0.596#-0.02#-0.008#-0.803,0.25#0.585#-0.089#-0.766,-0.518#-0.403#-0.005#0.755,0#0#0#1,0#0#0#1,0#0#0#1,0#0#0#1,0#0#0#1
-0.089#0.099#-0.323#-0.937,0.575#-0.107#-0.146#-0.798,0.667#-0.049#-0.029#-0.743,0.25#0.585#-0.089#-0.766,-0.518#-0.403#-0.005#0.755,0#0#0#1,0#0#0#1,0#0#0#1,0#0#0#1,0#0#0#1
-0.089#0.099#-0.323#-0.937,0.575#-0.107#-0.146#-0.798,0.667#-0.049#-0.029#-0.743,0.25#0.585#-0.089#-0.766,-0.518#-0.403#-0.005#0.755,0#0#0#1,0#0#0#1,0#0#0#1,0#0#0#1,0#0#0#1
-0.036#0.003#-0.32#-0.947,0.575#-0.107#-0.146#-0.798,0.667#-0.049#-0.029#-0.743,0.296#0.518#-0.137#-0.791,-0.61#-0.339#0.039#0.715,0#0#0#1,0#0#0#1,0#0#0#1,0#0#0#1,0#0#0#1
-0.036#0.003#-0.32#-0.947,0.634#-0.172#-0.139#-0.741,0.72#-0.072#-0.057#-0.687,0.296#0.518#-0.137#-0.791,-0.61#-0.339#0.039#0.715,0#0#0#1,0#0#0#1,0#0#0#1,0#0#0#1,0#0#0#1
-0.036#0.003#-0.32#-0.947,0.634#-0.172#-0.139#-0.741,0.72#-0.072#-0.057#-0.687,0.296#0.518#-0.137#-0.791,-0.61#-0.339#0.039#0.715,0#0#0#1,0#0#0#1,0#0#0#1,0#0#0#1,0#0#0#1
0.007#-0.068#-0.319#-0.945,0.634#-0.172#-0.139#-0.741,0.72#-0.072#-0.057#-0.687,0.331#0.45#-0.181#-0.809,-0.691#-0.276#0.081#0.663,0#0#0#1,0#0#0#1,0#0#0#1,0#0#0#1,0#0#0#1
0.007#-0.068#-0.319#-0.945,0.682#-0.227#-0.128#-0.684,0.768#-0.104#-0.074#-0.628,0.331#0.45#-0.181#-0.809,-0.691#-0.276#0.081#0.663,0#0#0#1,0#0#0#1,0#0#0#1,0#0#0#1,0#0#0#1
0.007#-0.068#-0.319#-0.945,0.682#-0.227#-0.128#-0.684,0.768#-0.104#-0.074#-0.628,0.331#0.45#-0.181#-0.809,-0.691#-0.276#0.081#0.663,0#0#0#1,0#0#0#1,0#0#0#1,0#0#0#1,0#0#0#1
0.043#-0.125#-0.318#-0.939,0.72#-0.264#-0.112#-0.632,0.768#-0.104#-0.074#-0.628,0.361#0.389#-0.219#-0.819,-0.755#-0.219#0.124#0.605,0#0#0#1,0#0#0#1,0#0#0#1,0#0#0#1,0#0#0#1
0.043#-0.125#-0.318#-0.939,0.72#-0.264#-0.112#-0.632,0.817#-0.137#-0.078#-0.555,0.361#0.389#-0.219#-0.819,-0.755#-0.219#0.124#0.605,0#0#0#1,0#0#0#1,0#0#0#1,0#0#0#1,0#0#0#1
0.043#-0.125#-0.318#-0.939,0.72#-0.264#-0.112#-0.632,0.817#-0.137#-0.078#-0.555,0.361#0.389#-0.219#-0.819,-0.755#-0.219#0.124#0.605,0#0#0#1,0#0#0#1,0#0#0#1,0#0#0#1,0#0#0#1
0.071#-0.165#-0.317#-0.931,0.72#-0.264#-0.112#-0.632,0.817#-0.137#-0.078#-0.555,0.389#0.326#-0.256#-0.823,-0.803#-0.177#0.169#0.543,0#0#0#1,0#0#0#1,0#0#0#1,0#0#0#1,0#0#0#1
0.071#-0.165#-0.317#-0.931,0.755#-0.29#-0.092#-0.581,0.853#-0.162#-0.077#-0.49,0.389#0.326#-0.256#-0.823,-0.803#-0.177#0.169#0.543,0#0#0#1,0#0#0#1,0#0#0#1,0#0#0#1,0#0#0#1
0.071#-0.165#-0.317#-0.931,0.755#-0.29#-0.092#-0.581,0.853#-0.162#-0.077#-0.49,0.389#0.326#-0.256#-0.823,-0.803#-0.177#0.169#0.543,0#0#0#1,0#0#0#1,0#0#0#1,0#0#0#1,0#0#0#1
0.09#-0.188#-0.318#-0.925,0.755#-0.29#-0.092#-0.581,0.853#-0.162#-0.077#-0.49,0.417#0.271#-0.291#-0.817,-0.837#-0.148#0.205#0.485,0#0#0#1,0#0#0#1,0#0#0#1,0#0#0#1,0#0#0#1
0.09#-0.188#-0.318#-0.925,0.772#-0.305#-0.077#-0.552,0.875#-0.177#-0.062#-0.446,0.417#0.271#-0.291#-0.817,-0.837#-0.148#0.205#0.485,0#0#0#1,0#0#0#1,0#0#0#1,0#0#0#1,0#0#0#1
0.09#-0.188#-0.318#-0.925,0.772#-0.305#-0.077#-0.552,0.875#-0.177#-0.062#-0.446,0.417#0.271#-0.291#-0.817,-0.837#-0.148#0.205#0.485,0#0#0#1,0#0#0#1,0#0#0#1,0#0#0#1,0#0#0#1
0.09#-0.192#-0.317#-0.924,0.772#-0.305#-0.077#-0.552,0.875#-0.177#-0.062#-0.446,0.429#0.247#-0.306#-0.813,-0.856#-0.132#0.216#0.451,0#0#0#1,0#0#0#1,0#0#0#1,0#0#0#1,0#0#0#1
0.09#-0.192#-0.317#-0.924,0.777#-0.311#-0.064#-0.543,0.883#-0.185#-0.056#-0.428,0.429#0.247#-0.306#-0.813,-0.856#-0.132#0.216#0.451,0#0#0#1,0#0#0#1,0#0#0#1,0#0#0#1,0#0#0#1
0.09#-0.192#-0.317#-0.924,0.777#-0.311#-0.064#-0.543,0.883#-0.185#-0.056#-0.428,0.429#0.247#-0.306#-0.813,-0.856#-0.132#0.216#0.451,0#0#0#1,0#0#0#1,0#0#0#1,0#0#0#1,0#0#0#1
0.084#-0.187#-0.313#-0.927,0.777#-0.311#-0.064#-0.543,0.883#-0.185#-0.056#-0.428,0.428#0.249#-0.304#-0.814,-0.859#-0.129#0.212#0.447,0#0#0#1,0#0#0#1,0#0#0#1,0#0#0#1,0#0#0#1
0.084#-0.187#-0.313#-0.927,0.776#-0.314#-0.051#-0.544,0.884#-0.19#-0.041#-0.426,0.428#0.249#-0.304#-0.814,-0.859#-0.129#0.212#0.447,0#0#0#1,0#0#0#1,0#0#0#1,0#0#0#1,0#0#0#1
0.084#-0.187#-0.313#-0.927,0.776#-0.314#-0.051#-0.544,0.884#-0.19#-0.041#-0.426,0.428#0.249#-0.304#-0.814,-0.859#-0.129#0.212#0.447,0#0#0#1,0#0#0#1,0#0#0#1,0#0#0#1,0#0#0#1
0.084#-0.187#-0.313#-0.927,0.776#-0.314#-0.051#-0.544,0.884#-0.19#-0.041#-0.426,0.428#0.249#-0.304#-0.814,-0.857#-0.133#0.207#0.453,0#0#0#1,0#0#0#1,0#0#0#1,0#0#0#1,0#0#0#1
0.084#-0.187#-0.313#-0.927,0.775#-0.31#-0.041#-0.549,0.885#-0.192#-0.027#-0.423,0.428#0.249#-0.304#-0.814,-0.857#-0.133#0.207#0.453,0#0#0#1,0#0#0#1,0#0#0#1,0#0#0#1,0#0#0#1
0.084#-0.187#-0.313#-0.927,0.775#-0.31#-0.041#-0.549,0.885#-0.192#-0.027#-0.423,0.428#0.249#-0.304#-0.814,-0.857#-0.133#0.207#0.453,0#0#0#1,0#0#0#1,0#0#0#1,0#0#0#1,0#0#0#1
0.084#-0.187#-0.313#-0.927,0.775#-0.31#-0.041#-0.549,0.885#-0.192#-0.027#-0.423,0.428#0.249#-0.304#-0.814,-0.857#-0.133#0.207#0.453,0#0#0#1,0#0#0#1,0#0#0#1,0#0#0#1,0#0#0#1
0.076#-0.176#-0.305#-0.933,0.772#-0.308#-0.037#-0.555,0.885#-0.192#-0.027#-0.423,0.411#0.252#-0.292#-0.826,-0.857#-0.133#0.207#0.453,0#0#0#1,0#0#0#1,0#0#0#1,0#0#0#1,0#0#0#1
0.076#-0.176#-0.305#-0.933,0.772#-0.308#-0.037#-0.555,0.885#-0.19#-0.018#-0.424,0.411#0.252#-0.292#-0.826,-0.857#-0.133#0.207#0.453,0#0#0#1,0#0#0#1,0#0#0#1,0#0#0#1,0#0#0#1
0.076#-0.176#-0.305#-0.933,0.772#-0.308#-0.037#-0.555,0.885#-0.19#-0.018#-0.424,0.411#0.252#-0.292#-0.826,-0.857#-0.133#0.207#0.453,0#0#0#1,0#0#0#1,0#0#0#1,0#0#0#1,0#0#0#1
0.076#-0.176#-0.305#-0.933,0.772#-0.308#-0.037#-0.555,0.885#-0.19#-0.018#-0.424,0.411#0.252#-0.292#-0.826,-0.857#-0.133#0.207#0.453,0#0#0#1,0#0#0#1,0#0#0#1,0#0#0#1,0#0#0#1
0.076#-0.176#-0.305#-0.933,0.772#-0.308#-0.037#-0.555,0.885#-0.19#-0.018#-0.424,0.411#0.252#-0.292#-0.826,-0.857#-0.133#0.207#0.453,0#0#0#1,0#0#0#1,0#0#0#1,0#0#0#1,0#0#0#1
0.076#-0.176#-0.305#-0.933,0.772#-0.308#-0.037#-0.555,0.885#-0.19#-0.018#-0.424,0.411#0.252#-0.292#-0.826,-0.857#-0.133#0.207#0.453,0#0#0#1,0#0#0#1,0#0#0#1,0#0#0#1,0#0#0#1
0.076#-0.176#-0.305#-0.933,0.772#-0.308#-0.037#-0.555,0.885#-0.19#-0.018#-0.424,0.411#0.252#-0.292#-0.826,-0.857#-0.133#0.207#0.453,0#0#0#1,0#0#0#1,0#0#0#1,0#0#0#1,0#0#0#1
0.076#-0.176#-0.305#-0.933,0.772#-0.308#-0.037#-0.555,0.885#-0.19#-0.018#-0.424,0.411#0.252#-0.292#-0.826,-0.858#-0.136#0.204#0.451,0#0#0#1,0#0#0#1,0#0#0#1,0#0#0#1,0#0#0#1
0.059#-0.157#-0.307#-0.937,0.772#-0.308#-0.037#-0.555,0.885#-0.19#-0.018#-0.424,0.411#0.252#-0.292#-0.826,-0.858#-0.136#0.204#0.451,0#0#0#1,0#0#0#1,0#0#0#1,0#0#0#1,0#0#0#1
0.059#-0.157#-0.307#-0.937,0.772#-0.308#-0.037#-0.555,0.885#-0.19#-0.018#-0.424,0.411#0.252#-0.292#-0.826,-0.858#-0.136#0.204#0.451,0#0#0#1,0#0#0#1,0#0#0#1,0#0#0#1,0#0#0#1
0.059#-0.157#-0.307#-0.937,0.772#-0.308#-0.037#-0.555,0.885#-0.19#-0.018#-0.424,0.411#0.252#-0.292#-0.826,-0.858#-0.136#0.204#0.451,0#0#0#1,0#0#0#1,0#0#0#1,0#0#0#1,0#0#0#1
0.025#-0.118#-0.314#-0.942,0.772#-0.308#-0.037#-0.555,0.885#-0.19#-0.018#-0.424,0.396#0.28#-0.279#-0.829,-0.858#-0.134#0.182#0.461,0#0#0#1,0#0#0#1,0#0#0#1,0#0#0#1,0#0#0#1
0.025#-0.118#-0.314#-0.942,0.728#-0.307#-0.047#-0.611,0.866#-0.204#-0.001#-0.457,0.396#0.28#-0.279#-0.829,-0.858#-0.134#0.182#0.461,0#0#0#1,0#0#0#1,0#0#0#1,0#0#0#1,0#0#0#1
0.025#-0.118#-0.314#-0.942,0.728#-0.307#-0.047#-0.611,0.866#-0.204#-0.001#-0.457,0.396#0.28#-0.279#-0.829,-0.858#-0.134#0.182#0.461,0#0#0#1,0#0#0#1,0#0#0#1,0#0#0#1,0#0#0#1
-0.027#-0.051#-0.321#-0.945,0.675#-0.288#-0.067#-0.676,0.834#-0.223#0.007#-0.504,0.373#0.329#-0.255#-0.829,-0.847#-0.14#0.138#0.493,0#0#0#1,0#0#0#1,0#0#0#1,0#0#0#1,0#0#0#1
-0.027#-0.051#-0.321#-0.945,0.675#-0.288#-0.067#-0.676,0.834#-0.223#0.007#-0.504,0.373#0.329#-0.255#-0.829,-0.847#-0.14#0.138#0.493,0#0#0#1,0#0#0#1,0#0#0#1,0#0#0#1,0#0#0#1
-0.027#-0.051#-0.321#-0.945,0.675#-0.288#-0.067#-0.676,0.834#-0.223#0.007#-0.504,0.373#0.329#-0.255#-0.829,-0.847#-0.14#0.138#0.493,0#0#0#1,0#0#0#1,0#0#0#1,0#0#0#1,0#0#0#1
-0.099#0.039#-0.326#-0.939,0.588#-0.237#-0.105#-0.766,0.772#-0.243#0.019#-0.586,0.332#0.402#-0.214#-0.826,-0.812#-0.157#0.067#0.559,0#0#0#1,0#0#0#1,0#0#0#1,0#0#0#1,0#0#0#1
-0.099#0.039#-0.326#-0.939,0.588#-0.237#-0.105#-0.766,0.772#-0.243#0.019#-0.586,0.332#0.402#-0.214#-0.826,-0.812#-0.157#0.067#0.559,0#0#0#1,0#0#0#1,0#0#0#1,0#0#0#1,0#0#0#1
-0.099#0.039#-0.326#-0.939,0.588#-0.237#-0.105#-0.766,0.772#-0.243#0.019#-0.586,0.332#0.402#-0.214#-0.826,-0.812#-0.157#0.067#0.559,0#0#0#1,0#0#0#1,0#0#0#1,0#0#0#1,0#0#0#1
-0.176#0.145#-0.328#-0.917,0.478#-0.135#-0.155#-0.854,0.666#-0.243#0.027#-0.705,0.275#0.492#-0.157#-0.811,-0.73#-0.194#-0.026#0.655,0#0#0#1,0#0#0#1,0#0#0#1,0#0#0#1,0#0#0#1
-0.176#0.145#-0.328#-0.917,0.478#-0.135#-0.155#-0.854,0.666#-0.243#0.027#-0.705,0.275#0.492#-0.157#-0.811,-0.73#-0.194#-0.026#0.655,0#0#0#1,0#0#0#1,0#0#0#1,0#0#0#1,0#0#0#1
-0.176#0.145#-0.328#-0.917,0.478#-0.135#-0.155#-0.854,0.666#-0.243#0.027#-0.705,0.275#0.492#-0.157#-0.811,-0.73#-0.194#-0.026#0.655,0#0#0#1,0#0#0#1,0#0#0#1,0#0#0#1,0#0#0#1
-0.249#0.26#-0.331#-0.872,0.353#0.012#-0.182#-0.918,0.497#-0.193#0.03#-0.845,0.196#0.593#-0.082#-0.777,-0.583#-0.269#-0.128#0.756,0#0#0#1,0#0#0#1,0#0#0#1,0#0#0#1,0#0#0#1
-0.249#0.26#-0.331#-0.872,0.353#0.012#-0.182#-0.918,0.497#-0.193#0.03#-0.845,0.196#0.593#-0.082#-0.777,-0.583#-0.269#-0.128#0.756,0#0#0#1,0#0#0#1,0#0#0#1,0#0#0#1,0#0#0#1
-0.249#0.26#-0.331#-0.872,0.353#0.012#-0.182#-0.918,0.497#-0.193#0.03#-0.845,0.196#0.593#-0.082#-0.777,-0.424#-0.397#-0.233#0.78,0#0#0#1,0#0#0#1,0#0#0#1,0#0#0#1,0#0#0#1
-0.325#0.396#-0.316#-0.799,0.213#0.167#-0.154#-0.95,0.293#-0.104#0.054#-0.949,0.098#0.696#0.018#-0.711,-0.424#-0.397#-0.233#0.78,0#0#0#1,0#0#0#1,0#0#0#1,0#0#0#1,0#0#0#1
-0.325#0.396#-0.316#-0.799,0.213#0.167#-0.154#-0.95,0.293#-0.104#0.054#-0.949,0.098#0.696#0.018#-0.711,-0.424#-0.397#-0.233#0.78,0#0#0#1,0#0#0#1,0#0#0#1,0#0#0#1,0#0#0#1
-0.325#0.396#-0.316#-0.799,0.213#0.167#-0.154#-0.95,0.293#-0.104#0.054#-0.949,0.098#0.696#0.018#-0.711,-0.276#-0.57#-0.393#0.666,0#0#0#1,0#0#0#1,0#0#0#1,0#0#0#1,0#0#0#1
-0.396#0.541#-0.275#-0.689,0.066#0.336#-0.082#-0.936,0.093#0.015#0.093#-0.991,-0.006#0.8#0.151#-0.581,-0.276#-0.57#-0.393#0.666,0#0#0#1,0#0#0#1,0#0#0#1,0#0#0#1,0#0#0#1
-0.396#0.541#-0.275#-0.689,0.066#0.336#-0.082#-0.936,0.093#0.015#0.093#-0.991,-0.006#0.8#0.151#-0.581,-0.276#-0.57#-0.393#0.666,0#0#0#1,0#0#0#1,0#0#0#1,0#0#0#1,0#0#0#1
-0.396#0.541#-0.275#-0.689,0.066#0.336#-0.082#-0.936,0.093#0.015#0.093#-0.991,-0.006#0.8#0.151#-0.581,-0.159#-0.663#-0.583#0.442,0#0#0#1,0#0#0#1,0#0#0#1,0#0#0#1,0#0#0#1
-0.434#0.683#-0.217#-0.546,-0.044#0.492#0.033#-0.869,-0.079#0.16#0.17#-0.969,-0.08#0.868#0.316#-0.375,-0.159#-0.663#-0.583#0.442,0#0#0#1,0#0#0#1,0#0#0#1,0#0#0#1,0#0#0#1
-0.434#0.683#-0.217#-0.546,-0.044#0.492#0.033#-0.869,-0.079#0.16#0.17#-0.969,-0.08#0.868#0.316#-0.375,-0.159#-0.663#-0.583#0.442,0#0#0#1,0#0#0#1,0#0#0#1,0#0#0#1,0#0#0#1
-0.434#0.683#-0.217#-0.546,-0.044#0.492#0.033#-0.869,-0.079#0.16#0.17#-0.969,-0.08#0.868#0.316#-0.375,-0.114#-0.683#-0.698#0.184,0#0#0#1,0#0#0#1,0#0#0#1,0#0#0#1,0#0#0#1
-0.431#0.802#-0.121#-0.397,-0.102#0.617#0.154#-0.765,-0.208#0.3#0.259#-0.895,-0.131#0.849#0.486#-0.158,-0.114#-0.683#-0.698#0.184,0#0#0#1,0#0#0#1,0#0#0#1,0#0#0#1,0#0#0#1
-0.431#0.802#-0.121#-0.397,-0.102#0.617#0.154#-0.765,-0.208#0.3#0.259#-0.895,-0.131#0.849#0.486#-0.158,-0.114#-0.683#-0.698#0.184,0#0#0#1,0#0#0#1,0#0#0#1,0#0#0#1,0#0#0#1
-0.431#0.802#-0.121#-0.397,-0.102#0.617#0.154#-0.765,-0.208#0.3#0.259#-0.895,-0.131#0.849#0.486#-0.158,-0.105#-0.667#-0.737#-0.008,0#0#0#1,0#0#0#1,0#0#0#1,0#0#0#1,0#0#0#1
-0.414#0.862#-0.01#-0.293,-0.169#0.686#0.262#-0.658,-0.273#0.407#0.317#-0.812,-0.155#0.775#0.613#0.025,-0.105#-0.667#-0.737#-0.008,0#0#0#1,0#0#0#1,0#0#0#1,0#0#0#1,0#0#0#1
-0.414#0.862#-0.01#-0.293,-0.169#0.686#0.262#-0.658,-0.273#0.407#0.317#-0.812,-0.155#0.775#0.613#0.025,-0.105#-0.667#-0.737#-0.008,0#0#0#1,0#0#0#1,0#0#0#1,0#0#0#1,0#0#0#1
-0.404#0.887#0.038#-0.222,-0.169#0.686#0.262#-0.658,-0.273#0.407#0.317#-0.812,-0.207#0.697#0.673#0.139,-0.099#-0.664#-0.727#-0.144,0#0#0#1,0#0#0#1,0#0#0#1,0#0#0#1,0#0#0#1
-0.404#0.887#0.038#-0.222,-0.233#0.727#0.33#-0.555,-0.347#0.47#0.349#-0.733,-0.207#0.697#0.673#0.139,-0.099#-0.664#-0.727#-0.144,0#0#0#1,0#0#0#1,0#0#0#1,0#0#0#1,0#0#0#1
-0.404#0.887#0.038#-0.222,-0.233#0.727#0.33#-0.555,-0.347#0.47#0.349#-0.733,-0.207#0.697#0.673#0.139,-0.099#-0.664#-0.727#-0.144,0#0#0#1,0#0#0#1,0#0#0#1,0#0#0#1,0#0#0#1
-0.408#0.896#0.044#-0.167,-0.233#0.727#0.33#-0.555,-0.347#0.47#0.349#-0.733,-0.252#0.64#0.696#0.205,-0.064#-0.624#-0.748#-0.218,0#0#0#1,0#0#0#1,0#0#0#1,0#0#0#1,0#0#0#1
-0.408#0.896#0.044#-0.167,-0.282#0.748#0.378#-0.467,-0.404#0.516#0.364#-0.662,-0.252#0.64#0.696#0.205,-0.064#-0.624#-0.748#-0.218,0#0#0#1,0#0#0#1,0#0#0#1,0#0#0#1,0#0#0#1
-0.408#0.896#0.044#-0.167,-0.282#0.748#0.378#-0.467,-0.404#0.516#0.364#-0.662,-0.252#0.64#0.696#0.205,-0.064#-0.624#-0.748#-0.218,0#0#0#1,0#0#0#1,0#0#0#1,0#0#0#1,0#0#0#1
-0.41#0.902#0.038#-0.131,-0.282#0.748#0.378#-0.467,-0.404#0.516#0.364#-0.662,-0.276#0.597#0.709#0.253,-0.039#-0.577#-0.77#-0.27,0#0#0#1,0#0#0#1,0#0#0#1,0#0#0#1,0#0#0#1
-0.41#0.902#0.038#-0.131,-0.322#0.753#0.394#-0.417,-0.443#0.535#0.361#-0.622,-0.276#0.597#0.709#0.253,-0.039#-0.577#-0.77#-0.27,0#0#0#1,0#0#0#1,0#0#0#1,0#0#0#1,0#0#0#1
-0.41#0.902#0.038#-0.131,-0.322#0.753#0.394#-0.417,-0.443#0.535#0.361#-0.622,-0.276#0.597#0.709#0.253,-0.039#-0.577#-0.77#-0.27,0#0#0#1,0#0#0#1,0#0#0#1,0#0#0#1,0#0#0#1
-0.411#0.905#0.037#-0.099,-0.322#0.753#0.394#-0.417,-0.443#0.535#0.361#-0.622,-0.292#0.576#0.71#0.283,-0.019#-0.545#-0.784#-0.297,0#0#0#1,0#0#0#1,0#0#0#1,0#0#0#1,0#0#0#1
-0.411#0.905#0.037#-0.099,-0.343#0.759#0.395#-0.388,-0.463#0.549#0.356#-0.598,-0.292#0.576#0.71#0.283,-0.019#-0.545#-0.784#-0.297,0#0#0#1,0#0#0#1,0#0#0#1,0#0#0#1,0#0#0#1
-0.411#0.905#0.037#-0.099,-0.343#0.759#0.395#-0.388,-0.463#0.549#0.356#-0.598,-0.292#0.576#0.71#0.283,-0.019#-0.545#-0.784#-0.297,0#0#0#1,0#0#0#1,0#0#0#1,0#0#0#1,0#0#0#1
-0.413#0.907#0.032#-0.075,-0.355#0.765#0.387#-0.372,-0.473#0.557#0.348#-0.587,-0.304#0.573#0.7#0.297,0.006#-0.532#-0.787#-0.311,0#0#0#1,0#0#0#1,0#0#0#1,0#0#0#1,0#0#0#1
-0.413#0.907#0.032#-0.075,-0.355#0.765#0.387#-0.372,-0.473#0.557#0.348#-0.587,-0.304#0.573#0.7#0.297,0.006#-0.532#-0.787#-0.311,0#0#0#1,0#0#0#1,0#0#0#1,0#0#0#1,0#0#0#1
-0.413#0.907#0.032#-0.075,-0.355#0.765#0.387#-0.372,-0.473#0.557#0.348#-0.587,-0.304#0.573#0.7#0.297,0.006#-0.532#-0.787#-0.311,0#0#0#1,0#0#0#1,0#0#0#1,0#0#0#1,0#0#0#1
-0.415#0.908#0.025#-0.061,-0.361#0.772#0.372#-0.368,-0.479#0.561#0.332#-0.588,-0.315#0.576#0.691#0.302,0.028#-0.532#-0.785#-0.316,0#0#0#1,0#0#0#1,0#0#0#1,0#0#0#1,0#0#0#1
-0.415#0.908#0.025#-0.061,-0.361#0.772#0.372#-0.368,-0.479#0.561#0.332#-0.588,-0.315#0.576#0.691#0.302,0.028#-0.532#-0.785#-0.316,0#0#0#1,0#0#0#1,0#0#0#1,0#0#0#1,0#0#0#1
-0.415#0.908#0.025#-0.061,-0.361#0.772#0.372#-0.368,-0.479#0.561#0.332#-0.588,-0.315#0.576#0.691#0.302,0.028#-0.532#-0.785#-0.316,0#0#0#1,0#0#0#1,0#0#0#1,0#0#0#1,0#0#0#1
-0.418#0.907#0.017#-0.055,-0.365#0.776#0.356#-0.371,-0.481#0.562#0.322#-0.591,-0.319#0.586#0.681#0.302,0.047#-0.534#-0.784#-0.315,0#0#0#1,0#0#0#1,0#0#0#1,0#0#0#1,0#0#0#1
-0.418#0.907#0.017#-0.055,-0.365#0.776#0.356#-0.371,-0.481#0.562#0.322#-0.591,-0.319#0.586#0.681#0.302,0.047#-0.534#-0.784#-0.315,0#0#0#1,0#0#0#1,0#0#0#1,0#0#0#1,0#0#0#1
-0.418#0.907#0.017#-0.055,-0.365#0.776#0.356#-0.371,-0.481#0.562#0.322#-0.591,-0.319#0.586#0.681#0.302,0.047#-0.534#-0.784#-0.315,0#0#0#1,0#0#0#1,0#0#0#1,0#0#0#1,0#0#0#1
-0.421#0.905#0.013#-0.055,-0.366#0.776#0.345#-0.38,-0.482#0.559#0.316#-0.596,-0.321#0.594#0.674#0.299,0.059#-0.538#-0.781#-0.313,0#0#0#1,0#0#0#1,0#0#0#1,0#0#0#1,0#0#0#1
-0.421#0.905#0.013#-0.055,-0.366#0.776#0.345#-0.38,-0.482#0.559#0.316#-0.596,-0.321#0.594#0.674#0.299,0.059#-0.538#-0.781#-0.313,0#0#0#1,0#0#0#1,0#0#0#1,0#0#0#1,0#0#0#1
-0.421#0.905#0.013#-0.055,-0.366#0.776#0.345#-0.38,-0.482#0.559#0.316#-0.596,-0.321#0.594#0.674#0.299,0.059#-0.538#-0.781#-0.313,0#0#0#1,0#0#0#1,0#0#0#1,0#0#0#1,0#0#0#1
-0.421#0.905#0.013#-0.055,-0.366#0.776#0.345#-0.38,-0.482#0.559#0.316#-0.596,-0.321#0.594#0.674#0.299,0.059#-0.538#-0.781#-0.313,0#0#0#1,0#0#0#1,0#0#0#1,0#0#0#1,0#0#0#1
-0.419#0.906#0.015#-0.056,-0.364#0.777#0.34#-0.385,-0.48#0.556#0.315#-0.601,-0.321#0.594#0.674#0.299,0.059#-0.538#-0.781#-0.313,0#0#0#1,0#0#0#1,0#0#0#1,0#0#0#1,0#0#0#1
-0.419#0.906#0.015#-0.056,-0.364#0.777#0.34#-0.385,-0.48#0.556#0.315#-0.601,-0.321#0.594#0.674#0.299,0.059#-0.538#-0.781#-0.313,0#0#0#1,0#0#0#1,0#0#0#1,0#0#0#1,0#0#0#1
-0.419#0.906#0.015#-0.056,-0.364#0.777#0.34#-0.385,-0.48#0.556#0.315#-0.601,-0.321#0.594#0.674#0.299,0.078#-0.543#-0.776#-0.311,0#0#0#1,0#0#0#1,0#0#0#1,0#0#0#1,0#0#0#1
-0.411#0.909#0.021#-0.059,-0.359#0.777#0.34#-0.39,-0.478#0.551#0.313#-0.608,-0.32#0.605#0.667#0.295,0.078#-0.543#-0.776#-0.311,0#0#0#1,0#0#0#1,0#0#0#1,0#0#0#1,0#0#0#1
-0.411#0.909#0.021#-0.059,-0.359#0.777#0.34#-0.39,-0.478#0.551#0.313#-0.608,-0.32#0.605#0.667#0.295,0.078#-0.543#-0.776#-0.311,0#0#0#1,0#0#0#1,0#0#0#1,0#0#0#1,0#0#0#1
-0.407#0.911#0.025#-0.064,-0.359#0.777#0.34#-0.39,-0.478#0.551#0.313#-0.608,-0.314#0.619#0.658#0.292,0.084#-0.545#-0.776#-0.308,0#0#0#1,0#0#0#1,0#0#0#1,0#0#0#1,0#0#0#1
-0.407#0.911#0.025#-0.064,-0.359#0.776#0.342#-0.391,-0.478#0.546#0.308#-0.615,-0.314#0.619#0.658#0.292,0.084#-0.545#-0.776#-0.308,0#0#0#1,0#0#0#1,0#0#0#1,0#0#0#1,0#0#0#1
-0.407#0.911#0.025#-0.064,-0.359#0.776#0.342#-0.391,-0.478#0.546#0.308#-0.615,-0.314#0.619#0.658#0.292,0.084#-0.545#-0.776#-0.308,0#0#0#1,0#0#0#1,0#0#0#1,0#0#0#1,0#0#0#1
-0.397#0.913#0.026#-0.088,-0.359#0.776#0.342#-0.391,-0.478#0.546#0.308#-0.615,-0.297#0.681#0.613#0.271,0.116#-0.539#-0.783#-0.288,0#0#0#1,0#0#0#1,0#0#0#1,0#0#0#1,0#0#0#1
-0.397#0.913#0.026#-0.088,-0.369#0.785#0.33#-0.373,-0.475#0.531#0.268#-0.648,-0.297#0.681#0.613#0.271,0.116#-0.539#-0.783#-0.288,0#0#0#1,0#0#0#1,0#0#0#1,0#0#0#1,0#0#0#1
-0.397#0.913#0.026#-0.088,-0.369#0.785#0.33#-0.373,-0.475#0.531#0.268#-0.648,-0.297#0.681#0.613#0.271,0.116#-0.539#-0.783#-0.288,0#0#0#1,0#0#0#1,0#0#0#1,0#0#0#1,0#0#0#1
-0.369#0.917#0.03#-0.151,-0.369#0.785#0.33#-0.373,-0.475#0.531#0.268#-0.648,-0.248#0.812#0.489#0.202,0.178#-0.533#-0.789#-0.248,0#0#0#1,0#0#0#1,0#0#0#1,0#0#0#1,0#0#0#1
-0.369#0.917#0.03#-0.151,-0.382#0.814#0.268#-0.346,-0.402#0.545#0.188#-0.711,-0.248#0.812#0.489#0.202,0.178#-0.533#-0.789#-0.248,0#0#0#1,0#0#0#1,0#0#0#1,0#0#0#1,0#0#0#1
-0.369#0.917#0.03#-0.151,-0.382#0.814#0.268#-0.346,-0.402#0.545#0.188#-0.711,-0.248#0.812#0.489#0.202,0.178#-0.533#-0.789#-0.248,0#0#0#1,0#0#0#1,0#0#0#1,0#0#0#1,0#0#0#1
-0.323#0.916#0.048#-0.231,-0.382#0.814#0.268#-0.346,-0.402#0.545#0.188#-0.711,-0.151#0.933#0.305#0.115,0.238#-0.622#-0.732#-0.147,0#0#0#1,0#0#0#1,0#0#0#1,0#0#0#1,0#0#0#1
-0.323#0.916#0.048#-0.231,-0.346#0.849#0.153#-0.368,-0.238#0.54#0.077#-0.804,-0.151#0.933#0.305#0.115,0.238#-0.622#-0.732#-0.147,0#0#0#1,0#0#0#1,0#0#0#1,0#0#0#1,0#0#0#1
-0.323#0.916#0.048#-0.231,-0.346#0.849#0.153#-0.368,-0.238#0.54#0.077#-0.804,-0.151#0.933#0.305#0.115,0.238#-0.622#-0.732#-0.147,0#0#0#1,0#0#0#1,0#0#0#1,0#0#0#1,0#0#0#1
-0.323#0.916#0.048#-0.231,-0.346#0.849#0.153#-0.368,-0.238#0.54#0.077#-0.804,-0.151#0.933#0.305#0.115,0.16#-0.795#-0.583#-0.037,0#0#0#1,0#0#0#1,0#0#0#1,0#0#0#1,0#0#0#1
-0.266#0.914#0.031#-0.306,-0.262#0.872#0.044#-0.411,-0.117#0.544#0.007#-0.831,-0.033#0.995#0.087#-0.03,0.16#-0.795#-0.583#-0.037,0#0#0#1,0#0#0#1,0#0#0#1,0#0#0#1,0#0#0#1
-0.266#0.914#0.031#-0.306,-0.262#0.872#0.044#-0.411,-0.117#0.544#0.007#-0.831,-0.033#0.995#0.087#-0.03,0.16#-0.795#-0.583#-0.037,0#0#0#1,0#0#0#1,0#0#0#1,0#0#0#1,0#0#0#1
-0.266#0.914#0.031#-0.306,-0.262#0.872#0.044#-0.411,-0.117#0.544#0.007#-0.831,-0.033#0.995#0.087#-0.03,-0.034#-0.95#-0.306#0.051,0#0#0#1,0#0#0#1,0#0#0#1,0#0#0#1,0#0#0#1
-0.203#0.898#-0.033#-0.388,-0.191#0.868#-0.013#-0.458,-0.033#0.58#0.004#-0.814,0.052#0.982#-0.069#-0.17,-0.034#-0.95#-0.306#0.051,0#0#0#1,0#0#0#1,0#0#0#1,0#0#0#1,0#0#0#1
-0.203#0.898#-0.033#-0.388,-0.191#0.868#-0.013#-0.458,-0.033#0.58#0.004#-0.814,0.052#0.982#-0.069#-0.17,-0.034#-0.95#-0.306#0.051,0#0#0#1,0#0#0#1,0#0#0#1,0#0#0#1,0#0#0#1
-0.143#0.872#-0.077#-0.462,-0.191#0.868#-0.013#-0.458,-0.033#0.58#0.004#-0.814,0.095#0.945#-0.106#-0.294,-0.185#-0.957#-0.01#0.224,0#0#0#1,0#0#0#1,0#0#0#1,0#0#0#1,0#0#0#1
-0.136#0.867#-0.081#-0.472,-0.122#0.835#-0.014#-0.537,0.013#0.544#0.041#-0.838,0.106#0.937#-0.1#-0.319,-0.202#-0.935#0.034#0.288,0#0#0#1,0#0#0#1,0#0#0#1,0#0#0#1,0#0#0#1
-0.136#0.867#-0.081#-0.472,-0.122#0.835#-0.014#-0.537,0.014#0.538#0.048#-0.841,0.106#0.937#-0.1#-0.319,-0.202#-0.935#0.034#0.288,0#0#0#1,0#0#0#1,0#0#0#1,0#0#0#1,0#0#0#1
-0.136#0.867#-0.081#-0.472,-0.122#0.835#-0.014#-0.537,0.014#0.538#0.048#-0.841,0.106#0.937#-0.1#-0.319,-0.202#-0.935#0.034#0.288,0#0#0#1,0#0#0#1,0#0#0#1,0#0#0#1,0#0#0#1
-0.103#0.844#-0.086#-0.519,-0.08#0.793#0.006#-0.604,0.014#0.468#0.082#-0.88,0.17#0.863#-0.115#-0.462,-0.235#-0.809#0.091#0.531,0#0#0#1,0#0#0#1,0#0#0#1,0#0#0#1,0#0#0#1
-0.103#0.844#-0.086#-0.519,-0.08#0.793#0.006#-0.604,0.014#0.468#0.082#-0.88,0.17#0.863#-0.115#-0.462,-0.235#-0.809#0.091#0.531,0#0#0#1,0#0#0#1,0#0#0#1,0#0#0#1,0#0#0#1
-0.103#0.844#-0.086#-0.519,-0.08#0.793#0.006#-0.604,0.014#0.468#0.082#-0.88,0.17#0.863#-0.115#-0.462,-0.235#-0.809#0.091#0.531,0#0#0#1,0#0#0#1,0#0#0#1,0#0#0#1,0#0#0#1
-0.063#0.824#-0.091#-0.556,-0.044#0.762#0.017#-0.646,0.017#0.421#0.086#-0.903,0.157#0.861#-0.114#-0.47,-0.199#-0.83#0.039#0.519,0#0#0#1,0#0#0#1,0#0#0#1,0#0#0#1,0#0#0#1
-0.063#0.824#-0.091#-0.556,-0.044#0.762#0.017#-0.646,0.017#0.421#0.086#-0.903,0.157#0.861#-0.114#-0.47,-0.199#-0.83#0.039#0.519,0#0#0#1,0#0#0#1,0#0#0#1,0#0#0#1,0#0#0#1
-0.063#0.824#-0.091#-0.556,-0.044#0.762#0.017#-0.646,0.017#0.421#0.086#-0.903,0.157#0.861#-0.114#-0.47,-0.199#-0.83#0.039#0.519,0#0#0#1,0#0#0#1,0#0#0#1,0#0#0#1,0#0#0#1
-0.045#0.807#-0.092#-0.582,-0.016#0.73#0.034#-0.683,0.021#0.414#0.094#-0.905,0.09#0.903#-0.054#-0.416,-0.096#-0.852#-0.041#0.513,0#0#0#1,0#0#0#1,0#0#0#1,0#0#0#1,0#0#0#1
-0.045#0.807#-0.092#-0.582,-0.016#0.73#0.034#-0.683,0.021#0.414#0.094#-0.905,0.09#0.903#-0.054#-0.416,-0.096#-0.852#-0.041#0.513,0#0#0#1,0#0#0#1,0#0#0#1,0#0#0#1,0#0#0#1
-0.045#0.807#-0.092#-0.582,-0.016#0.73#0.034#-0.683,0.021#0.414#0.094#-0.905,0.09#0.903#-0.054#-0.416,-0.096#-0.852#-0.041#0.513,0#0#0#1,0#0#0#1,0#0#0#1,0#0#0#1,0#0#0#1
-0.072#0.795#-0.064#-0.599,-0.004#0.676#0.061#-0.734,0.065#0.363#0.11#-0.923,0.039#0.905#0.046#-0.42,-0.001#-0.869#-0.106#0.483,0#0#0#1,0#0#0#1,0#0#0#1,0#0#0#1,0#0#0#1
-0.072#0.795#-0.064#-0.599,-0.004#0.676#0.061#-0.734,0.065#0.363#0.11#-0.923,0.039#0.905#0.046#-0.42,-0.001#-0.869#-0.106#0.483,0#0#0#1,0#0#0#1,0#0#0#1,0#0#0#1,0#0#0#1
-0.072#0.795#-0.064#-0.599,-0.004#0.676#0.061#-0.734,0.065#0.363#0.11#-0.923,0.039#0.905#0.046#-0.42,-0.013#-0.842#-0.161#0.514,0#0#0#1,0#0#0#1,0#0#0#1,0#0#0#1,0#0#0#1
-0.121#0.78#-0.035#-0.613,-0.027#0.617#0.093#-0.781,0.142#0.23#0.148#-0.951,0.02#0.88#0.068#-0.47,-0.013#-0.842#-0.161#0.514,0#0#0#1,0#0#0#1,0#0#0#1,0#0#0#1,0#0#0#1
-0.121#0.78#-0.035#-0.613,-0.027#0.617#0.093#-0.781,0.142#0.23#0.148#-0.951,0.02#0.88#0.068#-0.47,-0.013#-0.842#-0.161#0.514,0#0#0#1,0#0#0#1,0#0#0#1,0#0#0#1,0#0#0#1
-0.156#0.769#-0.031#-0.619,-0.027#0.617#0.093#-0.781,0.142#0.23#0.148#-0.951,0.07#0.884#0.063#-0.457,-0.097#-0.83#-0.164#0.524,0#0#0#1,0#0#0#1,0#0#0#1,0#0#0#1,0#0#0#1
-0.156#0.769#-0.031#-0.619,-0.03#0.581#0.119#-0.804,0.15#0.12#0.175#-0.966,0.07#0.884#0.063#-0.457,-0.097#-0.83#-0.164#0.524,0#0#0#1,0#0#0#1,0#0#0#1,0#0#0#1,0#0#0#1
-0.156#0.769#-0.031#-0.619,-0.03#0.581#0.119#-0.804,0.15#0.12#0.175#-0.966,0.07#0.884#0.063#-0.457,-0.097#-0.83#-0.164#0.524,0#0#0#1,0#0#0#1,0#0#0#1,0#0#0#1,0#0#0#1
-0.176#0.765#-0.028#-0.618,-0.03#0.581#0.119#-0.804,0.15#0.12#0.175#-0.966,0.092#0.87#0.064#-0.48,-0.118#-0.805#-0.139#0.564,0#0#0#1,0#0#0#1,0#0#0#1,0#0#0#1,0#0#0#1
-0.176#0.765#-0.028#-0.618,-0.032#0.552#0.143#-0.821,0.14#0.076#0.186#-0.97,0.092#0.87#0.064#-0.48,-0.118#-0.805#-0.139#0.564,0#0#0#1,0#0#0#1,0#0#0#1,0#0#0#1,0#0#0#1
-0.176#0.765#-0.028#-0.618,-0.032#0.552#0.143#-0.821,0.14#0.076#0.186#-0.97,0.092#0.87#0.064#-0.48,-0.118#-0.805#-0.139#0.564,0#0#0#1,0#0#0#1,0#0#0#1,0#0#0#1,0#0#0#1
-0.187#0.764#-0.024#-0.617,-0.032#0.552#0.143#-0.821,0.14#0.076#0.186#-0.97,0.095#0.859#0.062#-0.5,-0.112#-0.769#-0.159#0.609,0#0#0#1,0#0#0#1,0#0#0#1,0#0#0#1,0#0#0#1
-0.187#0.764#-0.024#-0.617,-0.051#0.532#0.151#-0.831,0.112#0.053#0.175#-0.977,0.095#0.859#0.062#-0.5,-0.112#-0.769#-0.159#0.609,0#0#0#1,0#0#0#1,0#0#0#1,0#0#0#1,0#0#0#1
-0.187#0.764#-0.024#-0.617,-0.051#0.532#0.151#-0.831,0.112#0.053#0.175#-0.977,0.095#0.859#0.062#-0.5,-0.112#-0.769#-0.159#0.609,0#0#0#1,0#0#0#1,0#0#0#1,0#0#0#1,0#0#0#1
-0.191#0.763#-0.022#-0.617,-0.051#0.532#0.151#-0.831,0.112#0.053#0.175#-0.977,0.082#0.858#0.06#-0.503,-0.09#-0.762#-0.178#0.616,0#0#0#1,0#0#0#1,0#0#0#1,0#0#0#1,0#0#0#1
-0.191#0.763#-0.022#-0.617,-0.069#0.534#0.148#-0.829,0.051#0.067#0.145#-0.986,0.082#0.858#0.06#-0.503,-0.09#-0.762#-0.178#0.616,0#0#0#1,0#0#0#1,0#0#0#1,0#0#0#1,0#0#0#1
-0.191#0.763#-0.022#-0.617,-0.069#0.534#0.148#-0.829,0.051#0.067#0.145#-0.986,0.082#0.858#0.06#-0.503,-0.09#-0.762#-0.178#0.616,0#0#0#1,0#0#0#1,0#0#0#1,0#0#0#1,0#0#0#1
-0.19#0.764#-0.023#-0.616,-0.09#0.551#0.14#-0.818,-0.001#0.105#0.124#-0.987,0.068#0.862#0.068#-0.497,-0.053#-0.767#-0.193#0.609,0#0#0#1,0#0#0#1,0#0#0#1,0#0#0#1,0#0#0#1
-0.19#0.764#-0.023#-0.616,-0.09#0.551#0.14#-0.818,-0.001#0.105#0.124#-0.987,0.068#0.862#0.068#-0.497,-0.053#-0.767#-0.193#0.609,0#0#0#1,0#0#0#1,0#0#0#1,0#0#0#1,0#0#0#1
-0.19#0.764#-0.023#-0.616,-0.09#0.551#0.14#-0.818,-0.001#0.105#0.124#-0.987,0.068#0.862#0.068#-0.497,-0.053#-0.767#-0.193#0.609,0#0#0#1,0#0#0#1,0#0#0#1,0#0#0#1,0#0#0#1
-0.195#0.762#-0.027#-0.617,-0.114#0.573#0.13#-0.801,-0.054#0.157#0.104#-0.981,0.031#0.869#0.089#-0.486,-0.008#-0.784#-0.202#0.586,0#0#0#1,0#0#0#1,0#0#0#1,0#0#0#1,0#0#0#1
-0.195#0.762#-0.027#-0.617,-0.114#0.573#0.13#-0.801,-0.054#0.157#0.104#-0.981,0.031#0.869#0.089#-0.486,-0.008#-0.784#-0.202#0.586,0#0#0#1,0#0#0#1,0#0#0#1,0#0#0#1,0#0#0#1
-0.195#0.762#-0.027#-0.617,-0.114#0.573#0.13#-0.801,-0.054#0.157#0.104#-0.981,0.031#0.869#0.089#-0.486,-0.008#-0.784#-0.202#0.586,0#0#0#1,0#0#0#1,0#0#0#1,0#0#0#1,0#0#0#1
-0.206#0.759#-0.028#-0.617,-0.134#0.584#0.127#-0.79,-0.091#0.185#0.092#-0.974,-0.001#0.854#0.092#-0.512,0.019#-0.781#-0.214#0.586,0#0#0#1,0#0#0#1,0#0#0#1,0#0#0#1,0#0#0#1
-0.206#0.759#-0.028#-0.617,-0.134#0.584#0.127#-0.79,-0.091#0.185#0.092#-0.974,-0.001#0.854#0.092#-0.512,0.019#-0.781#-0.214#0.586,0#0#0#1,0#0#0#1,0#0#0#1,0#0#0#1,0#0#0#1
-0.206#0.759#-0.028#-0.617,-0.134#0.584#0.127#-0.79,-0.091#0.185#0.092#-0.974,-0.001#0.854#0.092#-0.512,0.019#-0.781#-0.214#0.586,0#0#0#1,0#0#0#1,0#0#0#1,0#0#0#1,0#0#0#1
-0.22#0.752#-0.025#-0.621,-0.134#0.593#0.132#-0.783,-0.08#0.202#0.11#-0.97,-0.002#0.84#0.089#-0.535,0.016#-0.761#-0.218#0.61,0#0#0#1,0#0#0#1,0#0#0#1,0#0#0#1,0#0#0#1
-0.22#0.752#-0.025#-0.621,-0.134#0.593#0.132#-0.783,-0.08#0.202#0.11#-0.97,-0.002#0.84#0.089#-0.535,0.016#-0.761#-0.218#0.61,0#0#0#1,0#0#0#1,0#0#0#1,0#0#0#1,0#0#0#1
-0.22#0.752#-0.025#-0.621,-0.134#0.593#0.132#-0.783,-0.08#0.202#0.11#-0.97,-0.002#0.84#0.089#-0.535,0.016#-0.761#-0.218#0.61,0#0#0#1,0#0#0#1,0#0#0#1,0#0#0#1,0#0#0#1
-0.228#0.75#-0.016#-0.621,-0.129#0.582#0.138#-0.791,-0.043#0.188#0.135#-0.972,0.005#0.858#0.092#-0.505,-0.023#-0.78#-0.196#0.594,0#0#0#1,0#0#0#1,0#0#0#1,0#0#0#1,0#0#0#1
-0.228#0.75#-0.016#-0.621,-0.129#0.582#0.138#-0.791,-0.043#0.188#0.135#-0.972,0.005#0.858#0.092#-0.505,-0.023#-0.78#-0.196#0.594,0#0#0#1,0#0#0#1,0#0#0#1,0#0#0#1,0#0#0#1
-0.228#0.75#-0.016#-0.621,-0.129#0.582#0.138#-0.791,-0.043#0.188#0.135#-0.972,0.005#0.858#0.092#-0.505,-0.023#-0.78#-0.196#0.594,0#0#0#1,0#0#0#1,0#0#0#1,0#0#0#1,0#0#0#1
-0.239#0.748#-0.011#-0.619,-0.125#0.574#0.148#-0.796,0.005#0.174#0.16#-0.972,0.015#0.865#0.077#-0.496,-0.042#-0.783#-0.174#0.596,0#0#0#1,0#0#0#1,0#0#0#1,0#0#0#1,0#0#0#1
-0.239#0.748#-0.011#-0.619,-0.125#0.574#0.148#-0.796,0.005#0.174#0.16#-0.972,0.015#0.865#0.077#-0.496,-0.042#-0.783#-0.174#0.596,0#0#0#1,0#0#0#1,0#0#0#1,0#0#0#1,0#0#0#1
